[
  {
    "pattern": "hi*",
    "response": "Hello! How can I assist you today?"
  },
  {
    "pattern": "how are you*",
    "response": "I'm just code, but I'm functioning perfectly!"
  },
  {
    "pattern": "what is street hub*",
    "response": "StreetSupplyHub is a platform that connects suppliers and retailers for bulk ordering."
  },
  {
    "pattern": "how to place order*",
    "response": "To place an order, go to your dashboard, select a product, and click on 'Place Order'."
  },
  {
    "pattern": "how do i join a group order*",
    "response": "To join a group order, go to your dashboard, select the item you want, and if a group exists, you'll see a 'Join Group' button. Click it and confirm your quantity to participate."
  },
  {
    "pattern": "how can i join a group order*",
    "response": "To join a group order, go to your dashboard, select the item you want, and if a group exists, you'll see a 'Join Group' button. Click it and confirm your quantity to participate."
  },
  {
    "pattern": "i want to join a group order*",
    "response": "Great! Head to your dashboard, select a product with a group order, and click 'Join Group'."
  },
  {
    "pattern": "join group order*",
    "response": "To join a group order, simply navigate to the product and click on 'Join Group'."
  },
  {
    "pattern": "bye*",
    "response": "Goodbye! Let me know if you need anything else."
  },
  {
    "pattern": "*",
    "response": "I'm sorry, I didn't understand that. You can ask me about suppliers, group orders, placing orders, or FAQs."
  }
]
