{
  "firestore": {
    "database": "(default)",
    "location": "nam5",
    "rules": "firestore.rules",
    "indexes": "firestore.indexes.json"
  },
  "hosting": {
    "public": "public",
    "ignore": [
      "firebase.json",
      "**/.*",
      "**/node_modules/**"
    ]
  },
  "functions": [
    {
      "source": "functions",
      "codebase": "default",
      "ignore": [
        "node_modules",
        ".git",
        "firebase-debug.log",
        "firebase-debug.*.log",
        "*.local"
      ],
      "predeploy": [
        "npm --prefix \"$RESOURCE_DIR\" run lint"
      ]
    }
  ]
}
